label,nose_x,nose_y,nose_z,nose_v,left_shoulder_x,left_shoulder_y,left_shoulder_z,left_shoulder_v,right_shoulder_x,right_shoulder_y,right_shoulder_z,right_shoulder_v,left_elbow_x,left_elbow_y,left_elbow_z,left_elbow_v,right_elbow_x,right_elbow_y,right_elbow_z,right_elbow_v,left_wrist_x,left_wrist_y,left_wrist_z,left_wrist_v,right_wrist_x,right_wrist_y,right_wrist_z,right_wrist_v,left_hip_x,left_hip_y,left_hip_z,left_hip_v,right_hip_x,right_hip_y,right_hip_z,right_hip_v,left_knee_x,left_knee_y,left_knee_z,left_knee_v,right_knee_x,right_knee_y,right_knee_z,right_knee_v,left_ankle_x,left_ankle_y,left_ankle_z,left_ankle_v,right_ankle_x,right_ankle_y,right_ankle_z,right_ankle_v,left_heel_x,left_heel_y,left_heel_z,left_heel_v,right_heel_x,right_heel_y,right_heel_z,right_heel_v,left_foot_index_x,left_foot_index_y,left_foot_index_z,left_foot_index_v,right_foot_index_x,right_foot_index_y,right_foot_index_z,right_foot_index_v
c,0.1069994568824768,0.47428661584854126,0.041421372443437576,0.9999922513961792,0.2048514187335968,0.48866820335388184,-0.18609042465686798,0.9999369382858276,0.2297840714454651,0.3809363543987274,0.24358101189136505,0.9998747110366821,0.22103548049926758,0.8430569171905518,-0.15677596628665924,0.9806344509124756,0.22358065843582153,0.7100375890731812,0.2542803883552551,0.1141880676150322,0.10087653994560242,0.7722330689430237,0.009890573099255562,0.9817752838134766,0.10833853483200073,0.7488110065460205,0.1559210568666458,0.5673405528068542,0.4870743155479431,0.5094209313392639,-0.13218367099761963,0.9997205138206482,0.49272647500038147,0.42711398005485535,0.13207754492759705,0.9997337460517883,0.6952123045921326,0.6015366315841675,-0.06431745737791061,0.9335669875144958,0.6937123537063599,0.5379248261451721,0.12970641255378723,0.1056971549987793,0.9125684499740601,0.6232634782791138,-0.05316285043954849,0.9615803956985474,0.897537350654602,0.583499550819397,0.16604559123516083,0.28164640069007874,0.9604372978210449,0.6149680614471436,-0.05965811386704445,0.9591099619865417,0.9428747892379761,0.5789681077003479,0.16599208116531372,0.5008332133293152,0.8933367133140564,0.8007545471191406,-0.15618060529232025,0.9652726054191589,0.8831064701080322,0.752967119216919,0.10702032595872879,0.5153293013572693
c,0.932826042175293,0.4750010371208191,-5.403510294854641e-05,0.9999622106552124,0.7994520664215088,0.323116272687912,0.25157418847084045,0.9998860359191895,0.8138812184333801,0.4197809100151062,-0.2017596960067749,0.9999419450759888,0.7839754819869995,0.7797448635101318,0.28120341897010803,0.24259179830551147,0.790094792842865,0.8910106420516968,-0.24093268811702728,0.998371422290802,0.9056268930435181,0.8329843282699585,0.18930475413799286,0.24492105841636658,0.9167400002479553,0.8604339361190796,-0.15773890912532806,0.9923575520515442,0.5395205020904541,0.3695305585861206,0.14899474382400513,0.9997604489326477,0.544197678565979,0.40438443422317505,-0.14905433356761932,0.999901533126831,0.3242652416229248,0.4961507022380829,0.19301176071166992,0.11088210344314575,0.32052794098854065,0.5296708941459656,-0.1032617911696434,0.9801450967788696,0.1301344633102417,0.571783185005188,0.3009952902793884,0.4430791139602661,0.09130483865737915,0.6159992814064026,-0.08423205465078354,0.9920592308044434,0.08581799268722534,0.5464649796485901,0.30426904559135437,0.7838744521141052,0.04128009080886841,0.5843479037284851,-0.08424517512321472,0.9898430705070496,0.12046384811401367,0.8354783654212952,0.1940588355064392,0.8101701140403748,0.08630618453025818,0.8905347585678101,-0.2095077931880951,0.990062415599823
c,0.11903372406959534,0.49746012687683105,-0.1146165207028389,0.9999856948852539,0.24331247806549072,0.4734306335449219,-0.39095208048820496,0.9999316930770874,0.2573454678058624,0.37125614285469055,0.2810019552707672,0.9998117089271545,0.2705540060997009,0.8707212805747986,-0.35815930366516113,0.983075737953186,0.27285516262054443,0.7671177983283997,0.2411985844373703,0.011952231638133526,0.14080721139907837,0.8528302907943726,-0.105555459856987,0.9808765053749084,0.15314537286758423,0.8029254078865051,-0.04848160967230797,0.21685519814491272,0.5161436200141907,0.5504381060600281,-0.20439426600933075,0.998928964138031,0.5143155455589294,0.47850191593170166,0.20438745617866516,0.9989559650421143,0.7252116203308105,0.6165909171104431,-0.05445576459169388,0.6026929020881653,0.7183394432067871,0.5781449675559998,0.2690961956977844,0.029948249459266663,0.9227513074874878,0.6852189898490906,0.088290736079216,0.8422180414199829,0.9069100618362427,0.6535726189613342,0.4179975986480713,0.1921272873878479,0.9569737911224365,0.6532353162765503,0.09151729196310043,0.7990923523902893,0.9446998834609985,0.6249489188194275,0.42719200253486633,0.43470749258995056,0.9286929368972778,0.9148889780044556,-0.07762139290571213,0.8732373714447021,0.9100391864776611,0.8772808313369751,0.31082668900489807,0.4210522472858429
c,0.883873462677002,0.49821600317955017,0.004287178628146648,0.9999948740005493,0.7526502013206482,0.3835054337978363,0.29070886969566345,0.9999904632568359,0.7899689674377441,0.4695931375026703,-0.206533282995224,0.9999915361404419,0.7409868240356445,0.805443286895752,0.36107388138771057,0.7280330657958984,0.7771081328392029,0.9281373023986816,-0.3077314794063568,0.9994906187057495,0.8466503620147705,0.8282424211502075,0.2927117943763733,0.942794680595398,0.8919180035591125,0.912102460861206,-0.33189284801483154,0.999880313873291,0.519109308719635,0.4039251208305359,0.15990671515464783,0.9998615980148315,0.524323582649231,0.4879872500896454,-0.15990974009037018,0.9999452829360962,0.3163186311721802,0.5149977207183838,0.19484269618988037,0.25342699885368347,0.314491331577301,0.5506902933120728,-0.12836752831935883,0.9947551488876343,0.125626802444458,0.6169119477272034,0.28180745244026184,0.7823502421379089,0.11286348104476929,0.6462196707725525,-0.06207135319709778,0.9976557493209839,0.08053600788116455,0.6162499785423279,0.2833690941333771,0.9316165447235107,0.07394453883171082,0.6422998309135437,-0.057218391448259354,0.9976569414138794,0.15033558011054993,0.8199281692504883,0.17378084361553192,0.9561271071434021,0.1448175013065338,0.8635700941085815,-0.1595916450023651,0.9967582821846008
c,0.9160773158073425,0.5648869276046753,0.018602898344397545,0.9999972581863403,0.7817789316177368,0.42807573080062866,0.25504070520401,0.999985933303833,0.8100244998931885,0.5115076303482056,-0.16167469322681427,0.9999878406524658,0.7648041248321533,0.8287850618362427,0.29406994581222534,0.6779437065124512,0.7846349477767944,0.9512699842453003,-0.17418357729911804,0.9992245435714722,0.8854351043701172,0.8611673712730408,0.21663744747638702,0.7689876556396484,0.8991763591766357,0.889713704586029,-0.08538691699504852,0.9981947541236877,0.5444369912147522,0.42830702662467957,0.1333775371313095,0.9998000264167786,0.554713249206543,0.5063508749008179,-0.13347594439983368,0.9999096393585205,0.3409712314605713,0.6394498348236084,0.15651895105838776,0.07793563604354858,0.33643442392349243,0.6959824562072754,-0.10438470542430878,0.97576504945755,0.14381089806556702,0.643689751625061,0.22634536027908325,0.3146686553955078,0.12759864330291748,0.6617430448532104,-0.06059328466653824,0.9872432947158813,0.09588682651519775,0.6085799336433411,0.2271701693534851,0.7055033445358276,0.08378812670707703,0.6183570623397827,-0.05559349060058594,0.9883918166160583,0.13789692521095276,0.8522911071777344,0.1404346078634262,0.7618417739868164,0.1234055757522583,0.8898458480834961,-0.1337990015745163,0.9880350232124329
c,0.9258313179016113,0.38530266284942627,0.0023922009859234095,0.9999871253967285,0.7777727246284485,0.3347688615322113,0.22806596755981445,0.9999878406524658,0.8138641119003296,0.36136937141418457,-0.163621723651886,0.9999929666519165,0.7733609080314636,0.6123230457305908,0.2681288719177246,0.6153149604797363,0.7892741560935974,0.6475461721420288,-0.22240886092185974,0.999100923538208,0.7769870758056641,0.8287848830223083,0.19345559179782867,0.8206989765167236,0.7948915958404541,0.9063465595245361,-0.24463985860347748,0.9994620680809021,0.5381069779396057,0.43005889654159546,0.12229228019714355,0.9999384880065918,0.5489785075187683,0.46419912576675415,-0.12236763536930084,0.9999802112579346,0.3461010456085205,0.5983734726905823,0.169869527220726,0.15090824663639069,0.3520115911960602,0.6405741572380066,-0.10417598485946655,0.9910092353820801,0.1726565957069397,0.7310893535614014,0.27825939655303955,0.6273583769798279,0.13778087496757507,0.771140456199646,-0.09490223973989487,0.9984317421913147,0.13376548886299133,0.750326931476593,0.281801700592041,0.8759866952896118,0.09443554282188416,0.7792923450469971,-0.09633562713861465,0.9983087778091431,0.2080991566181183,0.8572440147399902,0.17362089455127716,0.9269869327545166,0.1838708221912384,0.911611020565033,-0.2064625769853592,0.997930645942688
c,0.16512376070022583,0.5535547733306885,-0.44988325238227844,0.9999376535415649,0.3574170768260956,0.42329323291778564,-0.5215398073196411,0.9995946288108826,0.2205314338207245,0.4072163999080658,-0.21544013917446136,0.9999498128890991,0.41127121448516846,0.8209247589111328,-0.5460599064826965,0.975723147392273,0.22813156247138977,0.6824877262115479,-0.26594093441963196,0.2282520830631256,0.255300909280777,0.8511552810668945,-0.4789506494998932,0.9905672669410706,0.15469509363174438,0.8119288682937622,-0.5295915603637695,0.8998621106147766,0.5598383545875549,0.39672449231147766,-0.11153993010520935,0.9999070167541504,0.48964160680770874,0.4265218675136566,0.1112109124660492,0.9999241828918457,0.7446377277374268,0.49159425497055054,0.09764246642589569,0.8341754078865051,0.6419273018836975,0.5221716165542603,0.32286012172698975,0.08607475459575653,0.8858357667922974,0.5670412182807922,0.2980438768863678,0.9737445712089539,0.7666664123535156,0.569088339805603,0.5954666137695312,0.35016733407974243,0.9136720895767212,0.5446335077285767,0.3109711706638336,0.932123064994812,0.7939462661743164,0.5470610857009888,0.6227152347564697,0.35294240713119507,0.9016141295433044,0.7410004138946533,0.20898249745368958,0.9783737659454346,0.7686558961868286,0.7240289449691772,0.5775151252746582,0.6419359445571899
c,0.8698937892913818,0.4923740029335022,0.05009867995977402,0.9999960660934448,0.7485143542289734,0.44147348403930664,0.2604549825191498,0.9999872446060181,0.783653736114502,0.5013530254364014,-0.13928252458572388,0.999993085861206,0.7474329471588135,0.7405132055282593,0.2683575749397278,0.6180552244186401,0.7769861221313477,0.8227240443229675,-0.13628092408180237,0.9996127486228943,0.8280758857727051,0.786040723323822,0.17337676882743835,0.7492089867591858,0.8626521229743958,0.8090373277664185,-0.02873864956200123,0.9994105100631714,0.5370610356330872,0.4819822907447815,0.12761369347572327,0.9999679327011108,0.55323725938797,0.5472667813301086,-0.12768645584583282,0.9999886751174927,0.3461056351661682,0.5686200857162476,0.15582513809204102,0.480770081281662,0.348300963640213,0.6426794528961182,-0.14301317930221558,0.9988127946853638,0.15960896015167236,0.6275335550308228,0.2202824056148529,0.8948932886123657,0.1386081874370575,0.6941635012626648,-0.17892688512802124,0.9994800686836243,0.12349587678909302,0.6096888184547424,0.22219257056713104,0.9618023037910461,0.09258189797401428,0.6685534715652466,-0.1817081868648529,0.9988723397254944,0.14888089895248413,0.7912076711654663,0.14499686658382416,0.97249436378479,0.12054672837257385,0.8444710969924927,-0.2701599895954132,0.9992018342018127
c,0.11374551057815552,0.49094316363334656,-0.6274005174636841,0.9999651908874512,0.2864552140235901,0.4935697913169861,-0.7098085284233093,0.9998010993003845,0.18770569562911987,0.4858483374118805,-0.20191219449043274,0.9997527003288269,0.28803449869155884,0.8797624111175537,-0.8457669019699097,0.9904627203941345,0.19326722621917725,0.7826851606369019,-0.29539915919303894,0.21015708148479462,0.1320326328277588,0.8881019353866577,-0.9223735332489014,0.9986888766288757,0.1215992271900177,0.876081109046936,-0.6613613963127136,0.8189027309417725,0.5046300292015076,0.4524747431278229,-0.1720360815525055,0.9994137287139893,0.46403932571411133,0.4511040151119232,0.1718195229768753,0.9991176724433899,0.6953110098838806,0.5195539593696594,0.027507077902555466,0.9595308303833008,0.6177074313163757,0.5120669603347778,0.5317708849906921,0.03980223834514618,0.8901239633560181,0.5318562984466553,0.17703309655189514,0.9956567287445068,0.7488797903060913,0.4914264678955078,0.9957772493362427,0.322390079498291,0.9235035181045532,0.48246678709983826,0.179106667637825,0.9743748307228088,0.773594319820404,0.46152958273887634,1.0381650924682617,0.4484610855579376,0.9187041521072388,0.7008844614028931,-0.031052839010953903,0.9954206347465515,0.7516820430755615,0.6333129405975342,0.9638199806213379,0.6067097187042236
c,0.16455605626106262,0.5890458822250366,-0.37393999099731445,0.9999756813049316,0.33098161220550537,0.44170743227005005,-0.4248366355895996,0.9997468590736389,0.21050316095352173,0.42311275005340576,-0.13291871547698975,0.999953031539917,0.36157843470573425,0.8357774019241333,-0.45338428020477295,0.988141655921936,0.2126639187335968,0.7306575775146484,-0.20208393037319183,0.34282544255256653,0.1653631627559662,0.8576129674911499,-0.39084163308143616,0.9971919655799866,0.12981605529785156,0.8225104212760925,-0.4633728563785553,0.9552321434020996,0.548081636428833,0.33853679895401,-0.10281459987163544,0.9999352693557739,0.4904120862483978,0.38701555132865906,0.1025303527712822,0.9999445676803589,0.7446223497390747,0.5100270509719849,0.04351881518959999,0.882114589214325,0.6729954481124878,0.5035182237625122,0.22242234647274017,0.17406271398067474,0.9038426876068115,0.5192925930023193,0.19657111167907715,0.9796477556228638,0.7954418659210205,0.518869161605835,0.4463452100753784,0.38902562856674194,0.9404324293136597,0.4930351674556732,0.20533624291419983,0.9540248513221741,0.8321859836578369,0.4940507411956787,0.4685460031032562,0.4168184995651245,0.9086101651191711,0.6856328248977661,0.10454414039850235,0.9841709733009338,0.8167725801467896,0.6766722202301025,0.4192967712879181,0.6691031455993652
c,0.11046355962753296,0.48891401290893555,-0.06986251473426819,0.9999829530715942,0.2276315987110138,0.44380033016204834,-0.20697420835494995,0.9999257326126099,0.23648056387901306,0.35269299149513245,0.12708820402622223,0.9998742341995239,0.2504466772079468,0.8703458309173584,-0.1891956627368927,0.9568107724189758,0.2521727979183197,0.7001823782920837,0.1782926619052887,0.14960968494415283,0.12998750805854797,0.8191438317298889,-0.07208028435707092,0.9762720465660095,0.13723799586296082,0.7509704828262329,0.14342404901981354,0.6541604399681091,0.5011646151542664,0.37110885977745056,-0.1048421636223793,0.9998559951782227,0.5001307129859924,0.3474949896335602,0.10474906861782074,0.9998635053634644,0.7100924253463745,0.5089926719665527,-0.03454744815826416,0.837103545665741,0.7038895487785339,0.5090368986129761,0.09320417791604996,0.039900653064250946,0.9102668762207031,0.5902223587036133,-0.0052614943124353886,0.9143862724304199,0.8903124332427979,0.5694299936294556,0.14479723572731018,0.10914240032434464,0.957176685333252,0.5492472052574158,-0.008133040741086006,0.9368225336074829,0.9366744756698608,0.5411875247955322,0.1474084109067917,0.23949512839317322,0.9154425859451294,0.8525065183639526,-0.07082393765449524,0.9347622394561768,0.8998889923095703,0.819843590259552,0.10933201014995575,0.28322041034698486
c,0.12121549248695374,0.48125365376472473,0.030014028772711754,0.9999889135360718,0.20546945929527283,0.5010381937026978,-0.2161576896905899,0.9999297857284546,0.23409505188465118,0.39998897910118103,0.2781115472316742,0.9998111128807068,0.21975433826446533,0.8219081163406372,-0.20412306487560272,0.9818772077560425,0.22867608070373535,0.6890369653701782,0.29336223006248474,0.0791151151061058,0.11042192578315735,0.7590699791908264,-0.03253040462732315,0.9833225011825562,0.11922687292098999,0.737523078918457,0.17410258948802948,0.4902297854423523,0.48003271222114563,0.5209962725639343,-0.15350249409675598,0.9996416568756104,0.4863600730895996,0.4442388713359833,0.15339158475399017,0.9996299743652344,0.6800514459609985,0.6056370735168457,-0.09392214566469193,0.9248608350753784,0.6780653595924377,0.5496695041656494,0.1659669131040573,0.10682500898838043,0.8863093852996826,0.6283515691757202,-0.06668509542942047,0.9689016342163086,0.8658167123794556,0.5994494557380676,0.2393093705177307,0.34685948491096497,0.9319157600402832,0.6167103052139282,-0.07221555709838867,0.95771723985672,0.9151586294174194,0.5959584712982178,0.2426016628742218,0.5785855650901794,0.8598266839981079,0.7898397445678711,-0.18988019227981567,0.9674913883209229,0.8487914800643921,0.7462989091873169,0.1705569326877594,0.5614318251609802
l,0.10190248489379883,0.5617586970329285,-0.04402785003185272,0.999937891960144,0.20730379223823547,0.37752461433410645,-0.20755884051322937,0.9997814297676086,0.22456997632980347,0.31451836228370667,0.17572712898254395,0.9994645714759827,0.24794349074363708,0.8363285064697266,-0.23581799864768982,0.9742064476013184,0.2588769197463989,0.6903247833251953,0.2635200321674347,0.09409989416599274,0.12419676780700684,0.7973122596740723,-0.14922578632831573,0.9821650385856628,0.13872188329696655,0.7313619256019592,0.28183862566947937,0.39868247509002686,0.4737361669540405,0.4111488163471222,-0.12065810710191727,0.9982497096061707,0.47325536608695984,0.3852449953556061,0.12062056362628937,0.9981295466423035,0.6920450925827026,0.5065285563468933,-0.05758317559957504,0.7519652843475342,0.6821798086166382,0.47527727484703064,0.10653170198202133,0.04185943678021431,0.9103641510009766,0.5548663139343262,-0.049221672117710114,0.9072080254554749,0.8641927242279053,0.5171225070953369,0.1570565402507782,0.10992374271154404,0.952426016330719,0.539589524269104,-0.055746860802173615,0.9342880249023438,0.9132288694381714,0.4931137263774872,0.1590166687965393,0.3061509132385254,0.8896784782409668,0.8223720788955688,-0.15867330133914948,0.9175949692726135,0.855868399143219,0.764802098274231,0.10313138365745544,0.27685603499412537
l,0.880689263343811,0.5092475414276123,-0.02441846765577793,0.9999939203262329,0.7724478244781494,0.23786461353302002,0.20057563483715057,0.9999829530715942,0.7879500389099121,0.3551725149154663,-0.18645691871643066,0.9999651908874512,0.7501789331436157,0.6895186305046082,0.2963818907737732,0.7551882863044739,0.770930826663971,0.8712359666824341,-0.2521039545536041,0.9997825026512146,0.8666520714759827,0.6820108890533447,0.3160233199596405,0.7887554168701172,0.9081829786300659,0.8172868490219116,-0.23041047155857086,0.9994195699691772,0.50355064868927,0.40726637840270996,0.12242338061332703,0.9997984766960144,0.5069281458854675,0.5091597437858582,-0.12264098227024078,0.9999053478240967,0.3180108964443207,0.6028587818145752,0.16958190500736237,0.6039957404136658,0.30304285883903503,0.7361247539520264,-0.10539025813341141,0.9969074130058289,0.12977609038352966,0.5560745000839233,0.29789987206459045,0.8565025329589844,0.09440627694129944,0.648018479347229,-0.06266007572412491,0.9983699917793274,0.09373888373374939,0.49398383498191833,0.3068165183067322,0.9592738151550293,0.0741811990737915,0.5793642401695251,-0.05727791786193848,0.997922956943512,0.12614303827285767,0.7716108560562134,0.2543959319591522,0.9652878046035767,0.09707212448120117,0.8623507618904114,-0.12610027194023132,0.9983147382736206
l,0.896449863910675,0.6099380850791931,-0.09400845319032669,0.999991774559021,0.7751555442810059,0.44866248965263367,0.21464648842811584,0.9998794794082642,0.8071269989013672,0.5140011310577393,-0.1257113814353943,0.9999696016311646,0.7682676315307617,0.80125892162323,0.31662312150001526,0.5172598958015442,0.8133593797683716,0.9232518672943115,-0.1541002094745636,0.9993946552276611,0.8915375471115112,0.8233934044837952,0.3188868761062622,0.6701160669326782,0.9205317497253418,0.9164084196090698,-0.10223428905010223,0.9992687106132507,0.4934963285923004,0.4543261229991913,0.11342471092939377,0.999573290348053,0.49415305256843567,0.4855276942253113,-0.1137174591422081,0.9998216032981873,0.3281877934932709,0.7917441129684448,0.18343405425548553,0.09434650838375092,0.3224540948867798,0.8420858383178711,-0.06944660097360611,0.8576384782791138,0.1264382004737854,0.692610502243042,0.2580898106098175,0.18914197385311127,0.10279905796051025,0.7060979604721069,-0.035438962280750275,0.9153658151626587,0.07960382103919983,0.6450427770614624,0.2604363262653351,0.6281038522720337,0.06406635046005249,0.6537759900093079,-0.030357355251908302,0.9504420161247253,0.12841740250587463,0.8964964747428894,0.23013968765735626,0.5552878379821777,0.10946065187454224,0.9259222149848938,-0.06684007495641708,0.9382042288780212
l,0.9064450263977051,0.3504560887813568,-0.04880300909280777,0.999863862991333,0.8141059875488281,0.11944404244422913,0.20792871713638306,0.9999805688858032,0.8138660192489624,0.16039198637008667,-0.2911957800388336,0.9999809265136719,0.7705676555633545,0.46576550602912903,0.2616662085056305,0.17661653459072113,0.7843204140663147,0.5219312906265259,-0.3754752278327942,0.9981094598770142,0.7996718883514404,0.7851144075393677,0.1758006513118744,0.5167414546012878,0.8025786876678467,0.9164206385612488,-0.4041273593902588,0.9992451667785645,0.5547727942466736,0.46616122126579285,0.15926486253738403,0.9998637437820435,0.5554504990577698,0.5635380744934082,-0.15968835353851318,0.9999561309814453,0.320331335067749,0.5199510455131531,0.21555794775485992,0.128204807639122,0.3094910979270935,0.5704762935638428,-0.12858210504055023,0.9603261351585388,0.10689184069633484,0.46978527307510376,0.3292057514190674,0.6519116759300232,0.07134085893630981,0.5435974597930908,-0.08611658960580826,0.9946191310882568,0.06442326307296753,0.4198954105377197,0.3365738093852997,0.9250327944755554,0.03085029125213623,0.48865455389022827,-0.0843472108244896,0.9925792813301086,0.09268063306808472,0.6618601083755493,0.22860021889209747,0.9035757184028625,0.05641251802444458,0.8041021823883057,-0.23246702551841736,0.993057131767273
l,0.06530207395553589,0.49012666940689087,-0.015588643029332161,0.9999682903289795,0.1413058638572693,0.27340567111968994,-0.2710969150066376,0.9999781847000122,0.20458534359931946,0.2399616539478302,0.2761261463165283,0.9998637437820435,0.21154358983039856,0.4932563900947571,-0.48017382621765137,0.9897541403770447,0.31229305267333984,0.3772452473640442,0.4383213520050049,0.03959682211279869,0.17808100581169128,0.7904294729232788,-0.6221402883529663,0.9958230257034302,0.269199013710022,0.6482118368148804,0.4752722680568695,0.4435386657714844,0.477916419506073,0.29151761531829834,-0.17139163613319397,0.9999219179153442,0.48478373885154724,0.2500578463077545,0.17129026353359222,0.9998735189437866,0.7219106554985046,0.449291467666626,-0.12510235607624054,0.8645028471946716,0.7214227914810181,0.3949827253818512,0.16865840554237366,0.043138839304447174,0.9633738994598389,0.6230831146240234,-0.10127001255750656,0.9656548500061035,0.9379026889801025,0.5104114413261414,0.22402116656303406,0.18017420172691345,1.0151044130325317,0.6094186305999756,-0.1059752032160759,0.9848924875259399,0.985216498374939,0.4749656319618225,0.22620616853237152,0.4743775427341461,0.9565831422805786,0.862840473651886,-0.222333163022995,0.9691151976585388,0.9510625600814819,0.7362799644470215,0.14789767563343048,0.44494181871414185
l,0.10608801245689392,0.511310338973999,-0.04109625518321991,0.9999603033065796,0.20977625250816345,0.5122413635253906,-0.1889660656452179,0.9997913241386414,0.24368879199028015,0.41597145795822144,0.17450641095638275,0.9997710585594177,0.2074050009250641,0.9686028957366943,-0.14914630353450775,0.9218332767486572,0.23663407564163208,0.7961670160293579,0.20222362875938416,0.04099259525537491,0.10215631127357483,0.8683124780654907,0.010150429792702198,0.9170236587524414,0.12149769067764282,0.8071381449699402,0.12494390457868576,0.4352506399154663,0.5070110559463501,0.6472858786582947,-0.10928117483854294,0.9995802044868469,0.5096689462661743,0.5516373515129089,0.1091628149151802,0.9996370077133179,0.729035496711731,0.717698872089386,-0.034882236272096634,0.7649120092391968,0.7227986454963684,0.642905056476593,0.09644189476966858,0.028799626976251602,0.9452149868011475,0.665993332862854,-0.014853371307253838,0.8894830346107483,0.9185302257537842,0.6153677701950073,0.1535687893629074,0.09274134784936905,0.9775394201278687,0.6288377642631531,-0.01938197761774063,0.9230712056159973,0.9548388719558716,0.5796747207641602,0.15743060410022736,0.2714073657989502,0.9370934963226318,0.8656269311904907,-0.10128331184387207,0.916420578956604,0.9120529890060425,0.8110055923461914,0.11329605430364609,0.26522138714790344
l,0.1855580061674118,0.4158308207988739,0.14265519380569458,0.9999099969863892,0.19928131997585297,0.3423575758934021,-0.12654264271259308,0.9999945163726807,0.23150523006916046,0.2648204565048218,0.2161559760570526,0.9999287128448486,0.2491186410188675,0.45128992199897766,-0.24171699583530426,0.999159574508667,0.32666638493537903,0.2992343306541443,0.3457942306995392,0.20492219924926758,0.256948322057724,0.5789998173713684,-0.26895201206207275,0.9895232319831848,0.3067791759967804,0.42435014247894287,0.46334460377693176,0.0032043594401329756,0.4428684711456299,0.45233654975891113,-0.11752453446388245,0.9999382495880127,0.45894405245780945,0.386578232049942,0.11727765202522278,0.999879002571106,0.6498355269432068,0.4741078019142151,-0.08052872121334076,0.971583366394043,0.650321900844574,0.42025625705718994,0.09454867243766785,0.24347200989723206,0.850166916847229,0.4651581346988678,-0.137044295668602,0.9778704643249512,0.8441746830940247,0.4186067283153534,0.05393192172050476,0.5422419905662537,0.8944514989852905,0.4461354613304138,-0.14505264163017273,0.9856034517288208,0.8812190294265747,0.4051474332809448,0.04710150137543678,0.8383792638778687,0.8507527112960815,0.5658315420150757,-0.21724632382392883,0.9681826233863831,0.8498975038528442,0.5209072828292847,0.0016110085416585207,0.6535667777061462
l,0.050571292638778687,0.25376349687576294,-0.013993478380143642,0.999962568283081,0.17750492691993713,0.5011485815048218,-0.179734468460083,0.9999215602874756,0.1986532211303711,0.3978067636489868,0.2341940701007843,0.9998019337654114,0.1964297592639923,0.8833842277526855,-0.13958190381526947,0.988158643245697,0.20700299739837646,0.7632707357406616,0.23739580810070038,0.050693098455667496,0.09074017405509949,0.8163607120513916,-0.004959569778293371,0.9806115031242371,0.09655985236167908,0.7682006359100342,0.14545804262161255,0.334823340177536,0.4520098865032196,0.6587613224983215,-0.1357657015323639,0.9997003078460693,0.4520625174045563,0.6004602909088135,0.13572824001312256,0.999705970287323,0.6810769438743591,0.6795990467071533,-0.1071249395608902,0.9502547979354858,0.679686963558197,0.6572465300559998,0.11300230026245117,0.06468042731285095,0.9270826578140259,0.6159714460372925,-0.08335117995738983,0.9361187815666199,0.8995758295059204,0.6156129837036133,0.16465818881988525,0.22776636481285095,0.9665734767913818,0.5757176876068115,-0.08627258986234665,0.9358389973640442,0.9409306049346924,0.575940728187561,0.16786806285381317,0.5110852718353271,0.9411554336547852,0.8665870428085327,-0.20285838842391968,0.9461976289749146,0.9176927804946899,0.8337346911430359,0.08945382386445999,0.46466925740242004
l,0.057289302349090576,0.29679325222969055,0.01995784044265747,0.9990429282188416,0.15540772676467896,0.3382108211517334,-0.19441334903240204,0.9998946189880371,0.20695258677005768,0.2895716726779938,0.3000827729701996,0.9995113611221313,0.1746453493833542,0.6360806226730347,-0.2257671356201172,0.9590234756469727,0.23596781492233276,0.5485653281211853,0.31990474462509155,0.016999948769807816,0.17746081948280334,0.9233875870704651,-0.19793584942817688,0.9349002838134766,0.21662637591362,0.7890501022338867,0.16503176093101501,0.11042613536119461,0.4147992730140686,0.6082519888877869,-0.15265442430973053,0.9999212026596069,0.42382675409317017,0.5504693984985352,0.15253564715385437,0.9998834133148193,0.650101900100708,0.7191511392593384,-0.11829068511724472,0.806194007396698,0.6363798975944519,0.6715460419654846,0.18646645545959473,0.03557851165533066,0.9013645648956299,0.7529432773590088,-0.058065757155418396,0.8766289353370667,0.8327130079269409,0.685297966003418,0.33561432361602783,0.105547234416008,0.9442230463027954,0.7088386416435242,-0.06036539375782013,0.8332916498184204,0.8671443462371826,0.6582184433937073,0.34815242886543274,0.24742721021175385,0.9365779161453247,0.8942866325378418,-0.22396862506866455,0.8805853724479675,0.8525118827819824,0.8260996341705322,0.23913642764091492,0.27381280064582825
l,0.9084668159484863,0.4077194035053253,-0.1388377994298935,0.9997795224189758,0.7485986948013306,0.31189659237861633,0.09070746600627899,0.9999037981033325,0.7358459234237671,0.38508641719818115,-0.2276875078678131,0.9996322393417358,0.7251545190811157,0.7616210579872131,0.15585951507091522,0.09499378502368927,0.7322167158126831,0.9154659509658813,-0.25401410460472107,0.9764304757118225,0.8444036245346069,0.8138585686683655,0.11899195611476898,0.25074899196624756,0.8640761971473694,0.8779796361923218,-0.16681309044361115,0.9263913631439209,0.4776180684566498,0.5724215507507324,0.10670910775661469,0.9998867511749268,0.46026089787483215,0.6014941334724426,-0.1069212257862091,0.9999089241027832,0.28393930196762085,0.6202645897865295,0.27882739901542664,0.012030883692204952,0.2676544189453125,0.6390141248703003,0.06252938508987427,0.3733876943588257,0.13825756311416626,0.5354259610176086,0.4817880392074585,0.048017360270023346,0.09639722108840942,0.5555222630500793,0.2255176305770874,0.6980310082435608,0.10130506753921509,0.4994008541107178,0.4980306923389435,0.2658066749572754,0.056479305028915405,0.5195938348770142,0.24074453115463257,0.7572694420814514,0.13071507215499878,0.748562216758728,0.439007043838501,0.2395583838224411,0.10036477446556091,0.7938084006309509,0.15110686421394348,0.7647339701652527
l,0.8928166031837463,0.36728590726852417,-0.05537019297480583,0.9999573230743408,0.7986041903495789,0.15120220184326172,0.25300535559654236,0.9999901056289673,0.7970664501190186,0.18653210997581482,-0.3138318657875061,0.9999829530715942,0.7585248351097107,0.4932052493095398,0.30706319212913513,0.34394216537475586,0.7656910419464111,0.5570093393325806,-0.40804457664489746,0.9987059831619263,0.7815046906471252,0.8093350529670715,0.17744827270507812,0.7887950539588928,0.7839733362197876,0.9406611919403076,-0.4416654407978058,0.9995197057723999,0.547709047794342,0.49069032073020935,0.18088190257549286,0.9999099969863892,0.5493665933609009,0.5849143862724304,-0.1812889575958252,0.9999679327011108,0.31053829193115234,0.5422355532646179,0.2345801144838333,0.23941391706466675,0.304329514503479,0.597262442111969,-0.16040317714214325,0.9822717905044556,0.09554800391197205,0.4934452772140503,0.37429356575012207,0.7915360331535339,0.06949949264526367,0.5717949867248535,-0.09551069885492325,0.9968720078468323,0.053533196449279785,0.46218711137771606,0.3841230869293213,0.9608568549156189,0.027881920337677002,0.5241478681564331,-0.09206853806972504,0.995612382888794,0.07725369930267334,0.7163882255554199,0.2640220522880554,0.948305070400238,0.05347561836242676,0.8277136087417603,-0.25018054246902466,0.9958608746528625
l,0.9050958156585693,0.37814703583717346,-0.017752403393387794,0.9997593760490417,0.7842586636543274,0.22736713290214539,0.14338426291942596,0.9999420642852783,0.8133808374404907,0.2990061938762665,-0.16800625622272491,0.9999446868896484,0.7812137603759766,0.5033372640609741,0.22357159852981567,0.2974104583263397,0.8345948457717896,0.6006109714508057,-0.24554094672203064,0.9975718855857849,0.8003915548324585,0.7017062306404114,0.24542324244976044,0.5478649735450745,0.8554278612136841,0.9014474153518677,-0.26124218106269836,0.9985148310661316,0.5340535044670105,0.5538339614868164,0.09587600827217102,0.9998955726623535,0.5446048378944397,0.6138029098510742,-0.09628023207187653,0.9999547004699707,0.33288902044296265,0.7014722228050232,0.18179252743721008,0.4514346718788147,0.3248392343521118,0.7652428150177002,-0.09394529461860657,0.9890110492706299,0.143815815448761,0.679630696773529,0.275252103805542,0.8582386374473572,0.09826797246932983,0.7203318476676941,-0.07156650722026825,0.9988411068916321,0.10633614659309387,0.6148990392684937,0.2803170084953308,0.9467073082923889,0.06213033199310303,0.6581264734268188,-0.06929381191730499,0.9978731870651245,0.10890132188796997,0.8256027102470398,0.2279425710439682,0.9602155089378357,0.05600941181182861,0.8805948495864868,-0.13888826966285706,0.998356282711029
l,0.2740689814090729,0.4995066523551941,0.013355807401239872,0.9992165565490723,0.34368401765823364,0.5278980135917664,-0.1520797610282898,0.999875545501709,0.3817288279533386,0.491524338722229,0.21285714209079742,0.9996215105056763,0.35785895586013794,0.7235647439956665,-0.18055081367492676,0.9429072141647339,0.39541715383529663,0.6707939505577087,0.2273191511631012,0.021262047812342644,0.35838252305984497,0.9126525521278381,-0.15544496476650238,0.8804864287376404,0.38345909118652344,0.8268114328384399,0.108424112200737,0.14107531309127808,0.5298507809638977,0.7042064666748047,-0.1114015281200409,0.9998931884765625,0.5372291803359985,0.6659121513366699,0.11130822449922562,0.9998687505722046,0.695832371711731,0.7741286754608154,-0.07537668198347092,0.7080815434455872,0.6893868446350098,0.742793083190918,0.1416587382555008,0.03257303312420845,0.8702570796012878,0.7985660433769226,-0.02594185806810856,0.8257923722267151,0.8288899064064026,0.7550475597381592,0.24911928176879883,0.100973941385746,0.9001922607421875,0.7740066051483154,-0.026832720264792442,0.7853235602378845,0.852027952671051,0.737140417098999,0.2580574154853821,0.22696636617183685,0.8989576697349548,0.8894680142402649,-0.14123950898647308,0.840795636177063,0.8517810702323914,0.8378268480300903,0.17779937386512756,0.2627839148044586
h,0.8791576623916626,0.5723940134048462,-0.0019653888884931803,0.999997615814209,0.761737585067749,0.47395116090774536,0.19188229739665985,0.9999819993972778,0.799331784248352,0.5240854024887085,-0.15048064291477203,0.9999910593032837,0.7719621062278748,0.7306020259857178,0.2441941201686859,0.7736926078796387,0.8127520084381104,0.8287986516952515,-0.16555263102054596,0.999584972858429,0.8884676694869995,0.7666832208633423,0.194951131939888,0.8380750417709351,0.9161744117736816,0.7938880920410156,-0.07242237031459808,0.9988135099411011,0.49840253591537476,0.3274281620979309,0.10447529703378677,0.9998252987861633,0.5072789192199707,0.3420238196849823,-0.10442382097244263,0.9999046325683594,0.30288854241371155,0.5111742615699768,0.18747997283935547,0.12351442873477936,0.29585152864456177,0.5355643033981323,-0.06071038544178009,0.9847390651702881,0.1298728585243225,0.6243815422058105,0.2842043340206146,0.3656342625617981,0.11169403791427612,0.6645025014877319,-0.021868230774998665,0.9904425740242004,0.08167913556098938,0.6373217105865479,0.2857171297073364,0.7165027260780334,0.0640316903591156,0.6783723831176758,-0.01789591647684574,0.9944025874137878,0.17039981484413147,0.7477003931999207,0.2101866453886032,0.7780221104621887,0.1669209897518158,0.7843811511993408,-0.08704732358455658,0.991719126701355
h,0.1631408929824829,0.5417494773864746,-0.08549485355615616,0.9998548030853271,0.27805060148239136,0.44255349040031433,-0.23252983391284943,0.9995458722114563,0.2737635672092438,0.32198843359947205,0.08709704130887985,0.999398946762085,0.27229031920433044,0.8833324909210205,-0.2994544804096222,0.8131160140037537,0.2760583460330963,0.6358985900878906,0.16878022253513336,0.06940685212612152,0.11626547574996948,0.8489347696304321,-0.25694331526756287,0.9685242176055908,0.1483319103717804,0.7174066305160522,0.18714676797389984,0.4986684024333954,0.5833541750907898,0.28590911626815796,-0.10196049511432648,0.9992743134498596,0.5674562454223633,0.18591424822807312,0.1016714870929718,0.9994367957115173,0.7567685842514038,0.4638499915599823,0.10857059061527252,0.08976791054010391,0.73004549741745,0.4151754379272461,0.22580111026763916,0.006525995209813118,0.9055137634277344,0.5699397325515747,0.29003918170928955,0.21668966114521027,0.8875331282615662,0.5504833459854126,0.38868793845176697,0.009859608486294746,0.941155195236206,0.5560717582702637,0.30471333861351013,0.440984845161438,0.9235193729400635,0.5729014277458191,0.4049801230430603,0.03566320613026619,0.8739961385726929,0.6959695816040039,0.2712233066558838,0.28801071643829346,0.8578286170959473,0.6898180246353149,0.3916970491409302,0.029005546122789383
h,0.16561070084571838,0.6089661121368408,-0.06066114827990532,0.998917818069458,0.24622228741645813,0.5024632215499878,-0.22567607462406158,0.9991365075111389,0.2663062810897827,0.4522824287414551,0.16197817027568817,0.9969262480735779,0.22056522965431213,0.8346697092056274,-0.2562122941017151,0.646202564239502,0.23222613334655762,0.7464797496795654,0.1941971331834793,0.03565090149641037,0.09497421979904175,0.7975243330001831,-0.17940445244312286,0.6107975244522095,0.10594293475151062,0.764708399772644,0.11908698827028275,0.049239590764045715,0.5198360681533813,0.2868744432926178,-0.12273085117340088,0.9982293248176575,0.5242474675178528,0.2680709660053253,0.12255284190177917,0.9982061386108398,0.7248219847679138,0.5080642700195312,-0.020872244611382484,0.13911883533000946,0.7174683213233948,0.5088992118835449,0.13413700461387634,0.002682347781956196,0.9101605415344238,0.691239058971405,0.01990572176873684,0.22693291306495667,0.8891279697418213,0.6602983474731445,0.2029302418231964,0.004735966678708792,0.9516808390617371,0.6901516318321228,0.017476694658398628,0.5570058226585388,0.933734655380249,0.6558915376663208,0.20545142889022827,0.020023515447974205,0.8944246768951416,0.8945564031600952,-0.07055117934942245,0.2848726809024811,0.8805124163627625,0.8438599109649658,0.13303805887699127,0.01164582371711731
h,0.1846805214881897,0.565518856048584,-0.018102506175637245,0.9996393918991089,0.2627745270729065,0.46473172307014465,-0.18685047328472137,0.9995594620704651,0.27317529916763306,0.35758084058761597,0.1582266092300415,0.9984594583511353,0.23837235569953918,0.8264737725257874,-0.19457989931106567,0.6888539791107178,0.25543174147605896,0.6462192535400391,0.22815768420696259,0.036601997911930084,0.11321097612380981,0.7887630462646484,-0.10034986585378647,0.6761391758918762,0.14687061309814453,0.6637619733810425,0.2340029925107956,0.05325477570295334,0.5286533236503601,0.22978463768959045,-0.10844148695468903,0.9991029500961304,0.5251882672309875,0.1804642528295517,0.10824203491210938,0.9990302324295044,0.7324042320251465,0.4380364418029785,-0.02825532667338848,0.2540270686149597,0.7194120287895203,0.398131787776947,0.13173478841781616,0.0036874867510050535,0.9298601150512695,0.6133220195770264,-0.024478480219841003,0.36927130818367004,0.8966867923736572,0.5499613285064697,0.19530929625034332,0.006386526394635439,0.9696551561355591,0.6076847314834595,-0.030121615156531334,0.6702958941459656,0.9385232925415039,0.5380244255065918,0.1980927288532257,0.02655540034174919,0.9170517921447754,0.8283052444458008,-0.10442791879177094,0.41151759028434753,0.8841656446456909,0.7311607599258423,0.15122659504413605,0.015495404601097107
h,0.18817922472953796,0.5677860975265503,-0.036652110517024994,0.999862790107727,0.2580362856388092,0.5090287327766418,-0.1831934154033661,0.9995126724243164,0.27116209268569946,0.45564162731170654,0.13176468014717102,0.9992625117301941,0.2397635281085968,0.7976895570755005,-0.16812674701213837,0.8678202033042908,0.25376078486442566,0.6899155378341675,0.1495361328125,0.1803409606218338,0.13064610958099365,0.764817476272583,-0.03359482064843178,0.734490156173706,0.1465042531490326,0.7423669099807739,0.08435390889644623,0.26573166251182556,0.5417340397834778,0.32023176550865173,-0.10129208862781525,0.9993307590484619,0.5322155952453613,0.2864956855773926,0.10116734355688095,0.9994300007820129,0.7314262390136719,0.42748820781707764,0.03303087502717972,0.7319890856742859,0.7128753662109375,0.4386478066444397,0.15394018590450287,0.03169111907482147,0.8945919275283813,0.5325976610183716,0.11607631295919418,0.7953071594238281,0.8744078278541565,0.5288187265396118,0.2461656928062439,0.05115827918052673,0.9382133483886719,0.5231797099113464,0.11962629109621048,0.8944129943847656,0.9187214374542236,0.521349310874939,0.2527647614479065,0.12512490153312683,0.8990378379821777,0.7151548266410828,0.05701734870672226,0.812021017074585,0.8805320262908936,0.6877582669258118,0.205430269241333,0.11202429980039597
h,0.13579440116882324,0.575706958770752,-0.06009117141366005,0.9999880790710449,0.22602085769176483,0.4844728708267212,-0.25721198320388794,0.9998781681060791,0.24863320589065552,0.36967718601226807,0.22218793630599976,0.9996263980865479,0.23475079238414764,0.9024807214736938,-0.2800673842430115,0.9663700461387634,0.24859754741191864,0.7713055610656738,0.3045857846736908,0.15909570455551147,0.09271964430809021,0.8804932832717896,-0.17162610590457916,0.9786392450332642,0.11591833829879761,0.7875528335571289,0.2803594470024109,0.3300265371799469,0.5124202370643616,0.2730770409107208,-0.1560615748167038,0.9997753500938416,0.516845703125,0.20344829559326172,0.1559549868106842,0.9997848868370056,0.7294782400131226,0.5071345567703247,-0.09413580596446991,0.9222591519355774,0.7237836122512817,0.4557264447212219,0.19454829394817352,0.12216367572546005,0.9359647035598755,0.6833977699279785,-0.047325409948825836,0.9504369497299194,0.9130785465240479,0.6319401860237122,0.252597838640213,0.2124721109867096,0.9723988771438599,0.701736569404602,-0.048936691135168076,0.9649933576583862,0.9566532969474792,0.6437608003616333,0.25499552488327026,0.3846927881240845,0.9005211591720581,0.9063451290130615,-0.15028001368045807,0.9406939148902893,0.8904924988746643,0.8713151216506958,0.1811746209859848,0.3527097702026367
h,0.1281234323978424,0.5572620034217834,-0.081805020570755,0.9992881417274475,0.21978560090065002,0.4368113875389099,-0.21190375089645386,0.9989700317382812,0.23371171951293945,0.2997003495693207,0.13038842380046844,0.9988679885864258,0.25263991951942444,0.8781487345695496,-0.20759350061416626,0.5971881151199341,0.25740671157836914,0.7385144829750061,0.15377558767795563,0.07508435845375061,0.11098280549049377,0.8630499839782715,-0.08298301696777344,0.6613903045654297,0.1227918267250061,0.7980591058731079,0.076120525598526,0.2269449532032013,0.5168609023094177,0.1573053002357483,-0.10639963299036026,0.9984450936317444,0.5078966021537781,0.11423082649707794,0.1061270609498024,0.9987708926200867,0.7007080316543579,0.4392668306827545,0.006861835718154907,0.2882477045059204,0.6859961152076721,0.4194685220718384,0.14629530906677246,0.007037729024887085,0.9217554330825806,0.6530303359031677,0.04722260311245918,0.5118927359580994,0.8667021989822388,0.6102666258811951,0.22720244526863098,0.01658921130001545,0.969785749912262,0.6503181457519531,0.04516896605491638,0.7055371403694153,0.921688973903656,0.6111409664154053,0.23293913900852203,0.0434548556804657,0.8964148759841919,0.9115290641784668,-0.032599836587905884,0.5662522315979004,0.8511873483657837,0.8501537442207336,0.18072687089443207,0.039973512291908264
h,0.8862555027008057,0.5101450085639954,-0.01806454174220562,0.9999994039535522,0.749445915222168,0.3098335862159729,0.21091380715370178,0.9999871253967285,0.7660386562347412,0.4036720395088196,-0.19553543627262115,0.9999966621398926,0.7342513203620911,0.6706306338310242,0.29667234420776367,0.7665109038352966,0.7720484733581543,0.860795259475708,-0.20333126187324524,0.9999721050262451,0.8461671471595764,0.7033242583274841,0.27902108430862427,0.825303852558136,0.891332745552063,0.8203492164611816,-0.11650235205888748,0.999947190284729,0.4998224377632141,0.18744385242462158,0.12199173122644424,0.9999485015869141,0.49736708402633667,0.21602760255336761,-0.12202949821949005,0.9999793767929077,0.30675992369651794,0.46371811628341675,0.18048399686813354,0.527486264705658,0.30019718408584595,0.5216991901397705,-0.0820099338889122,0.999488353729248,0.14125889539718628,0.5887020230293274,0.2885792553424835,0.8568150997161865,0.10670346021652222,0.6751304864883423,-0.027267776429653168,0.9996092915534973,0.10000944137573242,0.5663584470748901,0.2933015525341034,0.948660671710968,0.06177246570587158,0.64723801612854,-0.019443809986114502,0.9996511936187744,0.15541160106658936,0.7777004241943359,0.22749637067317963,0.9731346964836121,0.1232236921787262,0.8791946172714233,-0.08047520369291306,0.9995777010917664
h,0.20204025506973267,0.6427860260009766,-0.004732314497232437,0.9994804263114929,0.2857687175273895,0.5930595993995667,-0.18437573313713074,0.999518632888794,0.2634388208389282,0.42698240280151367,0.1087895855307579,0.9984545707702637,0.3058054447174072,0.9270482063293457,-0.19536590576171875,0.46700015664100647,0.28711575269699097,0.712731122970581,0.17318081855773926,0.030816487967967987,0.17175567150115967,0.9166380167007446,-0.09411092847585678,0.6009377837181091,0.1752098798751831,0.8466073274612427,0.19407425820827484,0.06795558333396912,0.5581848621368408,0.3204203248023987,-0.09470988810062408,0.9995909333229065,0.5305802822113037,0.27069926261901855,0.09447386115789413,0.9996073842048645,0.7584166526794434,0.45987099409103394,0.014529431238770485,0.21874172985553741,0.7286785840988159,0.5021904706954956,0.14764341711997986,0.010662646032869816,0.933804988861084,0.5656535625457764,0.08245356380939484,0.49050256609916687,0.8814549446105957,0.5378594398498535,0.26523056626319885,0.011864201165735722,0.9758236408233643,0.5607578754425049,0.0859203189611435,0.6900275945663452,0.9256651401519775,0.5255239009857178,0.27653592824935913,0.03860876336693764,0.9237899780273438,0.7323799133300781,0.031966131180524826,0.46526163816452026,0.9123274087905884,0.6858173608779907,0.25101208686828613,0.024360451847314835
h,0.8581362962722778,0.6610172986984253,0.01671004481613636,0.9999984502792358,0.7722987532615662,0.4659366309642792,0.2397560328245163,0.9999555349349976,0.800148606300354,0.5612654089927673,-0.12999866902828217,0.9999833106994629,0.7872930765151978,0.7136054039001465,0.33234304189682007,0.7086418867111206,0.8534942269325256,0.8731772899627686,-0.13496674597263336,0.9993189573287964,0.8947075605392456,0.757936954498291,0.3284631073474884,0.7012903690338135,0.9250431060791016,0.8132208585739136,0.005162380635738373,0.996977686882019,0.5050058960914612,0.3247753977775574,0.11311306059360504,0.9994540810585022,0.5136289000511169,0.36614105105400085,-0.1133064404129982,0.9997262358665466,0.29241037368774414,0.48834049701690674,0.17910733819007874,0.12787644565105438,0.2865607738494873,0.5085240006446838,-0.08415263891220093,0.9813280701637268,0.09667015075683594,0.6168807148933411,0.23255203664302826,0.32844361662864685,0.07970121502876282,0.6443300247192383,-0.044687170535326004,0.9862903952598572,0.03846505284309387,0.6347085237503052,0.2297639101743698,0.6694555878639221,0.025430649518966675,0.656111478805542,-0.03967539966106415,0.9921920895576477,0.13616523146629333,0.7807555198669434,0.14665572345256805,0.7329322695732117,0.13122525811195374,0.8078727126121521,-0.10971906781196594,0.9864503145217896
